customAge,name
699,piece0
699,piece1
699,piece2
699,piece3
699,piece4
699,piece5
699,piece6
699,piece7
699,piece8
699,piece9
699,piece10
699,piece11
699,piece12
485,piece1702127623
485,piece1607865183
485,piece1777598344
484,piece201809266
484,piece1738693557
483,piece1239403879
441,piece910646278
441,piece330828896
440,piece101501927
440,piece1864143258
440,piece1766120766
440,piece1969573903
439,piece87047596
439,piece668584003
439,piece1703545710
439,piece82350974
439,piece546500692
439,piece6585470
439,piece2009954279
438,piece1864143258
438,piece94507631
438,piece1860633404
438,piece1571155099
437,piece87047596
437,piece1287604067
437,piece546500692
436,piece1345229981
436,piece433609369
436,piece1441369669
436,piece1565445146
435,piece1637456584
434,piece330828896
434,piece2092368020
433,piece701537228
433,piece1969573903
433,piece395452222
429,piece87047596
428,piece1287604067
428,piece790457527
427,piece87047596
427,piece1345229981
427,piece684949324
427,piece1035104957
427,piece1103395082
426,piece1287604067
426,piece1938771765
426,piece1035104957
426,piece1103395082
426,piece2086911385
426,piece1902861313
426,piece1439349239
425,piece1345229981
425,piece907648594
425,piece700697419
425,piece1902861313
425,piece969274541
425,piece1492799495
425,piece1826202605
425,piece1769499991
425,piece1600678806
424,piece969274541
424,piece343606177
424,piece2086335681
424,piece1234207666
424,piece976149353
424,piece1696952121
388,piece295809941
388,piece209792736
388,piece1380257356
388,piece709329790
388,piece51390735
388,piece492066913
388,piece175591184
388,piece1508985267
387,piece1756887033
387,piece76039814
387,piece295809941
387,piece884818164
387,piece209792736
387,piece1662733430
387,piece602849984
387,piece548354349
386,piece1502942042
386,piece2132315403
386,piece691525825
386,piece1515205573
385,piece821875942
385,piece1981951863
385,piece994668584
384,piece1975329448
384,piece1896560137
384,piece2078755367
384,piece608059406
384,piece980631537
384,piece757765580
319,piece1496681905
318,piece1518942179
318,piece1174666048
317,piece1828629304
317,piece1906800692
317,piece2097278183
317,piece1167302387
316,piece1640147743
316,piece438797660
316,piece646134347
316,piece1463903036
315,piece516518323
315,piece1964515892
315,piece401082192
315,piece337693275
314,piece55147663
314,piece277332516
314,piece2110927212
314,piece1599214140
314,piece337693275
314,piece1194344789
314,piece661849600
313,piece202823792
313,piece2110927212
313,piece783048894
313,piece170514234
313,piece1286018473
313,piece1984637059
313,piece569503504
313,piece868242884
313,piece239419936
313,piece266800743
313,piece48811376
312,piece783048894
312,piece1263621420
312,piece2107572803
312,piece1591648783
312,piece2089152089
312,piece556845173
312,piece1249627888
312,piece953889302
312,piece2006690703
312,piece1149553598
312,piece1806460048
312,piece285412542
312,piece124327018
311,piece1880548240
311,piece1591648783
311,piece1173987031
311,piece1308928811
311,piece1498589867
311,piece1767349751
311,piece1582934782
311,piece285412542
311,piece2084026402
311,piece1002046066
311,piece1609947818
311,piece2014495604
311,piece488080770
311,piece1824900335
311,piece1271240383
311,piece343626663
311,piece1694196003
310,piece1365102449
310,piece2089152089
310,piece1498589867
310,piece394180797
310,piece1582934782
310,piece1149137572
310,piece1944668478
310,piece165129740
310,piece1824900335
310,piece1271240383
310,piece976665757
310,piece2060650259
310,piece1896594201
310,piece1717297644
310,piece896215774
310,piece1771042924
310,piece1038461882
310,piece503800902
310,piece1402928749
309,piece439867068
309,piece1963639929
309,piece1984637059
309,piece2089152089
309,piece1205461766
309,piece1149137572
309,piece401082192
309,piece1656625040
309,piece276259092
309,piece1440248924
309,piece1271240383
309,piece814779198
309,piece1476117886
309,piece255558720
309,piece397920566
309,piece1973329698
309,piece1877951388
309,piece1038461882
309,piece1399041513
309,piece929566910
309,piece542559160
309,piece2076452545
308,piece1348464873
308,piece427831142
308,piece411323294
308,piece337693275
308,piece988893755
308,piece467966354
308,piece15876851
308,piece929566910
308,piece1724864994
308,piece1922243799
308,piece2011615553
308,piece1230220508
308,piece661849600
308,piece194705549
308,piece1912762001
308,piece838408437
308,piece1570649136
307,piece920509253
307,piece749940537
307,piece1082710339
307,piece1241537813
307,piece782213731
307,piece1748188741
306,piece1533447053
306,piece2085727515
306,piece573617845
306,piece733255949
306,piece1748188741
306,piece889815351
306,piece2127261681
305,piece1259132687
305,piece1114083658
305,piece663462487
305,piece1194344789
305,piece1635235311
305,piece1973329698
305,piece1286105008
305,piece815681496
305,piece1345798755
305,piece426412887
305,piece2141705775
305,piece1158099829
305,piece810084387
305,piece762839183
304,piece1424773826
233,piece457364876
233,piece694048920
233,piece1751737445
233,piece449310484
233,piece1672482461
233,piece1346228110
233,piece2114979575
233,piece1895676794
233,piece456896498
233,piece1105629853
233,piece301753548
233,piece1783733344
233,piece1567616521
232,piece1806700872
232,piece1106343137
232,piece335710906
232,piece1672482461
232,piece547741809
232,piece1059285499
232,piece1905797173
232,piece1960464554
232,piece1718037726
232,piece1661899997
232,piece939900617
232,piece1393342176
232,piece1567616521
232,piece124561255
232,piece735649034
232,piece2130000729
232,piece80096301
232,piece1363502231
232,piece310047071
232,piece400094387
232,piece1619492124
232,piece800653826
231,piece365999813
231,piece946521161
231,piece1972921196
231,piece1976923449
231,piece328163139
229,piece321574906
228,piece1368988017
228,piece1155174720
228,piece1358590342
228,piece853382612
228,piece303720350
228,piece1940828624
227,piece1923132965
227,piece369022866
227,piece67518164
227,piece831215719
227,piece513460586
227,piece762984344
227,piece825884604
227,piece1940828624
227,piece1245894681
227,piece1838946783
227,piece635717252
227,piece1083113285
226,piece1083662158
226,piece163218132
226,piece1723782514
226,piece67518164
226,piece74223106
226,piece1384117644
226,piece207445429
212,piece853322874
212,piece1138774113
212,piece585118620
212,piece1205197745
211,piece1395759559
